id,title,category,date,content,link,cover,order,createdAt,updatedAt
dh-48,瑞聲法語 第48號,瑞聲法語,,,https://srt.tw/k9pLsY,https://drive.google.com/thumbnail?id=1FcBZqVrj5M6SjRzMj6RE4TDBXXNvGug-&sz=w700,1,,
dh-47,瑞聲法語 第47號,瑞聲法語,,,https://supr.link/2TzKS,https://drive.google.com/thumbnail?id=1qVrEQfrfHQ9Bp2ElHEjKynqKUZagV9rh&sz=w700,2,,
dh-46,瑞聲法語 第46號,瑞聲法語,,,https://supr.link/3kVzi,https://drive.google.com/thumbnail?id=1Ne5ZxgNT_nJLmUqh78-1mr6Fyko33_LG&sz=w700,3,,
dh-45,瑞聲法語 第45號,瑞聲法語,,,https://supr.link/ayHsU,https://drive.google.com/thumbnail?id=1vXygNEmnq1ljg9GmZA7_bhaFnHmdhLIu&sz=w700,4,,
dh-44,瑞聲法語 第44號,瑞聲法語,,,https://supr.link/NttLb,https://drive.google.com/thumbnail?id=1xSKxUj03CNblZH5IbMKrLrVLehqzyTrd&sz=w700,5,,
dh-43,瑞聲法語 第43號,瑞聲法語,,,https://supr.link/ovUQg,https://drive.google.com/thumbnail?id=17YC6h72DGhdlG6tL500vjUileacSVmZk&sz=w700,6,,
dh-42,瑞聲法語 第42號,瑞聲法語,,,https://supr.link/EqT9h,https://drive.google.com/thumbnail?id=1ENFB_8y1kWmnduKpFBcBiIFLUNUStUH6&sz=w700,7,,
dh-41,瑞聲法語 第41號,瑞聲法語,,,https://supr.link/GOWVi,https://drive.google.com/thumbnail?id=16Kv7hNBGbdlANF8tt__y6JwsmT2GgEj1&sz=w700,8,,
dh-40,瑞聲法語 第40號,瑞聲法語,,,https://supr.link/kZPii,https://drive.google.com/thumbnail?id=1zTjl62NwtJu1ce09h7-eYqtm9JD-BYcz&sz=w700,9,,
dh-39,瑞聲法語 第39號,瑞聲法語,,,https://supr.link/jbehJ,https://drive.google.com/thumbnail?id=1MfQEdWRRQEIz88wcifHfN__vwWDamD9u&sz=w700,10,,
dh-38,瑞聲法語 第38號,瑞聲法語,,,https://supr.link/IJlOZ,https://drive.google.com/thumbnail?id=1aMGMZHjZp3NcigEO6AizVr7PWHDM-eEZ&sz=w700,11,,
dh-37,瑞聲法語 第37號,瑞聲法語,,,https://supr.link/K6SPj,https://drive.google.com/thumbnail?id=132Td-TAj9JB6BEWYBdbSEGgsf3bi7IAn&sz=w700,12,,
dh-36,瑞聲法語 第36號,瑞聲法語,,,https://supr.link/ebXfl,https://drive.google.com/thumbnail?id=108xgkc5NR0voItcLDA0sc7O7_mWB_qwh&sz=w700,13,,
dh-35,瑞聲法語 第35號,瑞聲法語,,,https://supr.link/Ijt3Y,https://drive.google.com/thumbnail?id=1IZ0W87iwD0aCFGhuiS967FvH-xlWiWc6&sz=w700,14,,
dh-34,瑞聲法語 第34號,瑞聲法語,,,https://supr.link/gzgUn,https://drive.google.com/thumbnail?id=1HxTQGH3RjM6tYNUzmu9HSVWSXfyGb-bY&sz=w700,15,,
dh-33,瑞聲法語 第33號,瑞聲法語,,,https://supr.link/SOkGS,https://drive.google.com/thumbnail?id=1eEP6tC7pXkZEIkIXu4hsu8mpHt3kWcS-&sz=w700,16,,
dh-32,瑞聲法語 第32號,瑞聲法語,,,https://supr.link/W6vz9,https://drive.google.com/thumbnail?id=1AedFy4SWbG8ch13S53W9L0w0L1_6Z1v0&sz=w700,17,,
dh-31,瑞聲法語 第31號,瑞聲法語,,,https://supr.link/4AleF,https://drive.google.com/thumbnail?id=1uo8-rwG_tIqbR7sVNJQRZyNzpTAoP1Q0&sz=w700,18,,
dh-30,瑞聲法語 第30號,瑞聲法語,,,https://supr.link/ezrdm,https://drive.google.com/thumbnail?id=1q2LVe68zLQoz_QgFcplbqQewjaZHlZPH&sz=w700,19,,
dh-29,瑞聲法語 第29號,瑞聲法語,,,https://supr.link/FD7rb,https://drive.google.com/thumbnail?id=1OLyKbRLxneTCEZwmvo71Gq4b3sk9pnMD&sz=w700,20,,
dh-28,瑞聲法語 第28號,瑞聲法語,,,https://supr.link/uzGgb,https://drive.google.com/thumbnail?id=151FtmOoK0AaZbFl0086P0HWeW2s_eBAI&sz=w700,21,,
dh-27,瑞聲法語 第27號,瑞聲法語,,,https://supr.link/IACmF,https://drive.google.com/thumbnail?id=1F1rNvZsbi1KDuAQ7PeRqAzilddioLXdv&sz=w700,22,,
dh-26,瑞聲法語 第26號,瑞聲法語,,,https://supr.link/cqz1L,https://drive.google.com/thumbnail?id=1uuImhN6nieuCQWMGRQzIBihNBBCAilTD&sz=w700,23,,
dh-25,瑞聲法語 第25號,瑞聲法語,,,https://supr.link/p4LWQ,https://drive.google.com/thumbnail?id=1jvAiRSLl2WwE2n18UMeMj0wB2tluzDYm&sz=w700,24,,
dh-24,瑞聲法語 第24號,瑞聲法語,,,https://supr.link/ZjyUN,https://drive.google.com/thumbnail?id=1VusSKv2bQkRaSekvaVW71jGdZZmb4epd&sz=w700,25,,
dh-23,瑞聲法語 第23號,瑞聲法語,,,https://supr.link/cOUn2,https://drive.google.com/thumbnail?id=18FrYc_G1hTe00kiUJwfQ8PAF-rotfzAU&sz=w700,26,,
dh-22,瑞聲法語 第22號,瑞聲法語,,,https://supr.link/IK6vG,https://drive.google.com/thumbnail?id=1pYQT7D5xnUXeHYWQFFaKE6xPvefyYaRU&sz=w700,27,,
dh-21,瑞聲法語 第21號,瑞聲法語,,,https://supr.link/D35sa,https://drive.google.com/thumbnail?id=1NLqdLu5DnQDoNEuDgIHP0XNkLEw5vYZV&sz=w700,28,,
dh-20,瑞聲法語 第20號,瑞聲法語,,,https://supr.link/h8BJI,https://drive.google.com/thumbnail?id=1XDEKVcy6dU9c-Y_7lWRNTKHe1e0F47wh&sz=w700,29,,
dh-19,瑞聲法語 第19號,瑞聲法語,,,https://supr.link/75s2S,https://drive.google.com/thumbnail?id=1qZU8rXFvbT3ycg2NMoJIpvXXKXbaOJER&sz=w700,30,,
dh-18,瑞聲法語 第18號,瑞聲法語,,,https://supr.link/UdFU0,https://drive.google.com/thumbnail?id=1JG3GbePrLWs9kiAD0gVIIhnjRgkRKSWY&sz=w700,31,,
dh-17,瑞聲法語 第17號,瑞聲法語,,,https://supr.link/4P1F7,https://drive.google.com/thumbnail?id=1UQ6zC6A4BNK18FuE31Dx_dlU1GdsEueM&sz=w700,32,,
dh-16,瑞聲法語 第16號,瑞聲法語,,,https://supr.link/34oh3,https://drive.google.com/thumbnail?id=1tND1_dWRAr1lvMSpv33mp4CUJAvUFJ7H&sz=w700,33,,
dh-15,瑞聲法語 第15號,瑞聲法語,,,https://supr.link/kIkln,https://drive.google.com/thumbnail?id=1QkBGPCYtl79LbRvdV4OEZhz-kc5e71-e&sz=w700,34,,
dh-14,瑞聲法語 第14號,瑞聲法語,,,https://supr.link/dk1jP,https://drive.google.com/thumbnail?id=1OzXuyure4qqBDXiRFBmFvyGQdYsuef5I&sz=w700,35,,
dh-13,瑞聲法語 第13號,瑞聲法語,,,https://supr.link/kN9Oc,https://drive.google.com/thumbnail?id=1AEL08IkUf0xRd0b5v5arbzcW1qHqrd2G&sz=w700,36,,
dh-12,瑞聲法語 第12號,瑞聲法語,,,https://supr.link/bhDhX,https://drive.google.com/thumbnail?id=1-5LdLPmEF4zzzG84bXyHZ3oxrTGuX_g0&sz=w700,37,,
dh-11,瑞聲法語 第11號,瑞聲法語,,,https://supr.link/gWBn8,https://drive.google.com/thumbnail?id=1sj7_G46jh-l7to5DLqWCszmkg-gm1y06&sz=w700,38,,
dh-10,瑞聲法語 第10號,瑞聲法語,,,https://supr.link/UhwXK,https://drive.google.com/thumbnail?id=1gcYLqOowkbOyombthzzSMQikuXssMevF&sz=w700,39,,
dh-09,瑞聲法語 第9號,瑞聲法語,,,https://supr.link/DHj0x,https://drive.google.com/thumbnail?id=131ySbjDvjsTSkbaHn8n7rEwjVXipY7ar&sz=w700,40,,
dh-08,瑞聲法語 第8號,瑞聲法語,,,https://supr.link/bSC2H,https://drive.google.com/thumbnail?id=1jKKaMF6zfcR0rXd-_oYEeMRhq7A4GTZa&sz=w700,41,,
dh-07,瑞聲法語 第7號,瑞聲法語,,,https://supr.link/Y4v8M,https://drive.google.com/thumbnail?id=1nBZMHYwKdu_7BAcqVjeWB8ofdcY3COCN&sz=w700,42,,
dh-06,瑞聲法語 第6號,瑞聲法語,,,https://supr.link/065mE,https://drive.google.com/thumbnail?id=1PT4Ehb7vZBR2LS7v1QKKpdJ1TyVwKkCQ&sz=w700,43,,
dh-05,瑞聲法語 第5號,瑞聲法語,,,https://supr.link/ULpTP,https://drive.google.com/thumbnail?id=1fsPPtii5btbetvhtePOBwxVc8NvFBw89&sz=w700,44,,
dh-04,瑞聲法語 第4號,瑞聲法語,,,https://supr.link/KLWJ2,https://drive.google.com/thumbnail?id=13PpRg7c5PAMrxfhfSPfApOWDUC9t58-v&sz=w700,45,,
dh-03,瑞聲法語 第3號,瑞聲法語,,,https://supr.link/P1aT1,https://drive.google.com/thumbnail?id=1yiM05zvsmVV6n22IEBjMBehdv-1leAql&sz=w700,46,,
dh-02,瑞聲法語 第2號,瑞聲法語,,,https://supr.link/RY9Tk,https://drive.google.com/thumbnail?id=1yPfFN82yq9i3O054g3vM2Cc64FPuWM-b&sz=w700,47,,
dh-01,瑞聲法語 第1號,瑞聲法語,,,https://supr.link/zGyQJ,https://drive.google.com/thumbnail?id=1QmJhTq2sKQufuyCIofr-58E2c9Vv67xw&sz=w700,48,,
