id,issue,title,date,link,cover,order,createdAt,updatedAt
news-202606,2026-06,親苑時報 2026年6月號,2026-06-01,https://twgo.io/bqkop,,1,,
news-202605,2026-05,親苑時報 2026年5月號,2026-05-01,https://meee.ing/8f8d2e,,2,,
news-202604,2026-04,親苑時報 2026年4月號,2026-04-01,https://srt.tw/fNnZdY,,3,,
news-202603,2026-03,親苑時報 2026年3月號,2026-03-01,https://meee.ing/831c61,,4,,
news-202602,2026-02,親苑時報 2026年2月號,2026-02-01,https://meee.ing/7471e5,,5,,
news-202601,2026-01,親苑時報 2026年1月號,2026-01-01,https://meee.ing/f9a654,,6,,
news-202512,2025-12,親苑時報 2025年12月號,2025-12-01,https://meee.ing/9a5fd3,,7,,
news-202511,2025-11,親苑時報 2025年11月號,2025-11-01,https://twgo.io/yasks,,8,,
news-202510,2025-10,親苑時報 2025年10月號,2025-10-01,https://twgo.io/mskxz,,9,,
news-202509,2025-09,親苑時報 2025年9月號,2025-09-01,https://twgo.io/whuyr,,10,,
news-202508,2025-08,親苑時報 2025年8月號,2025-08-01,https://twgo.io/fmtpu,,11,,
news-202507,2025-07,親苑時報 2025年7月號,2025-07-01,https://supr.link/IBEyN,,12,,
news-202506,2025-06,親苑時報 2025年6月號,2025-06-01,https://supr.link/UiWWj,,13,,
news-202505,2025-05,親苑時報 2025年5月號,2025-05-01,https://supr.link/P73IH,,14,,
news-202504,2025-04,親苑時報 2025年4月號,2025-04-01,https://supr.link/rLdfF,,15,,
news-202503,2025-03,親苑時報 2025年3月號,2025-03-01,https://supr.link/Y4NrV,,16,,
news-202502,2025-02,親苑時報 2025年2月號,2025-02-01,https://supr.link/3JvF2,,17,,
news-202501,2025-01,親苑時報 2025年1月號,2025-01-01,https://supr.link/geOHP,,18,,
news-202412,2024-12,親苑時報 2024年12月號,2024-12-01,https://supr.link/uZH2M,,19,,
news-202411,2024-11,親苑時報 2024年11月號,2024-11-01,https://supr.link/hpVGP,,20,,
news-202410,2024-10,親苑時報 2024年10月號,2024-10-01,https://supr.link/7EGbe,,21,,
news-202409,2024-09,親苑時報 2024年9月號,2024-09-01,https://supr.link/0oABk,,22,,
news-202408,2024-08,親苑時報 2024年8月號,2024-08-01,https://supr.link/jOxeI,,23,,
news-202407,2024-07,親苑時報 2024年7月號,2024-07-01,https://supr.link/u2K0w,,24,,
news-202406,2024-06,親苑時報 2024年6月號,2024-06-01,https://supr.link/l7Lbn,,25,,
news-202405,2024-05,親苑時報 2024年5月號,2024-05-01,https://supr.link/I4adR,,26,,
news-202404,2024-04,親苑時報 2024年4月號,2024-04-01,https://supr.link/jK53E,,27,,
news-202403,2024-03,親苑時報 2024年3月號,2024-03-01,https://supr.link/ldLyp,,28,,
news-202402,2024-02,親苑時報 2024年2月號,2024-02-01,https://supr.link/YC1TM,,29,,
news-202401,2024-01,親苑時報 2024年1月號,2024-01-01,https://supr.link/n8L0V,,30,,
news-202312,2023-12,親苑時報 2023年12月號,2023-12-01,https://supr.link/uGedx,,31,,
news-202311,2023-11,親苑時報 2023年11月號,2023-11-01,https://supr.link/Iw1qu,,32,,
news-202310,2023-10,親苑時報 2023年10月號,2023-10-01,https://supr.link/HdBrQ,,33,,
news-202309,2023-09,親苑時報 2023年9月號,2023-09-01,https://supr.link/6TWus,,34,,
news-202308,2023-08,親苑時報 2023年8月號,2023-08-01,https://supr.link/QXsbQ,,35,,
news-202307,2023-07,親苑時報 2023年7月號,2023-07-01,https://supr.link/Jira6,,36,,
news-202306,2023-06,親苑時報 2023年6月號,2023-06-01,https://supr.link/ejanA,,37,,
news-202305,2023-05,親苑時報 2023年5月號,2023-05-01,https://supr.link/Sll9s,,38,,
news-202304,2023-04,親苑時報 2023年4月號,2023-04-01,https://supr.link/AOWwv,,39,,
news-202303,2023-03,親苑時報 2023年3月號,2023-03-01,https://supr.link/cFyYd,,40,,
news-202302,2023-02,親苑時報 2023年2月號,2023-02-01,https://supr.link/3jThn,,41,,
news-202301,2023-01,親苑時報 2023年1月號,2023-01-01,https://supr.link/Ecqm0,,42,,
news-202212,2022-12,親苑時報 2022年12月號,2022-12-01,https://supr.link/vtojo,,43,,
news-202211,2022-11,親苑時報 2022年11月號,2022-11-01,https://supr.link/tw5Ie,,44,,
news-202210,2022-10,親苑時報 2022年10月號,2022-10-01,https://supr.link/0PScD,,45,,
news-202209,2022-09,親苑時報 2022年9月號,2022-09-01,https://supr.link/zu92w,,46,,
news-202208,2022-08,親苑時報 2022年8月號,2022-08-01,https://supr.link/RXIEw,,47,,
news-202207,2022-07,親苑時報 2022年7月號,2022-07-01,https://supr.link/ODWwq,,48,,
news-202206,2022-06,親苑時報 2022年6月號,2022-06-01,https://supr.link/wM0S1,,49,,
news-202205,2022-05,親苑時報 2022年5月號,2022-05-01,https://supr.link/2MA2A,,50,,
news-202204,2022-04,親苑時報 2022年4月號,2022-04-01,https://supr.link/FZiB2,,51,,
news-202203,2022-03,親苑時報 2022年3月號,2022-03-01,https://supr.link/tinsA,,52,,
news-202202,2022-02,親苑時報 2022年2月號,2022-02-01,https://supr.link/pEx1U,,53,,
news-202201,2022-01,親苑時報 2022年1月號,2022-01-01,https://supr.link/220n3,,54,,
news-202112,2021-12,親苑時報 2021年12月號,2021-12-01,https://supr.link/RbnfH,,55,,
news-202111,2021-11,親苑時報 2021年11月號,2021-11-01,https://supr.link/95EKo,,56,,
news-202110,2021-10,親苑時報 2021年10月號,2021-10-01,https://supr.link/ZWjoZ,,57,,
news-202109,2021-09,親苑時報 2021年9月號,2021-09-01,https://supr.link/3XplT,,58,,
news-202108,2021-08,親苑時報 2021年8月號,2021-08-01,https://supr.link/F5vC3,,59,,
news-202107,2021-07,親苑時報 2021年7月號,2021-07-01,https://supr.link/i3q8O,,60,,
news-202106,2021-06,親苑時報 2021年6月號,2021-06-01,https://supr.link/GSuZ4,,61,,
news-202105,2021-05,親苑時報 2021年5月號,2021-05-01,https://supr.link/xTseQ,,62,,
news-202104,2021-04,親苑時報 2021年4月號,2021-04-01,https://supr.link/PpHnd,,63,,
news-202103,2021-03,親苑時報 2021年3月號,2021-03-01,https://supr.link/o37FG,,64,,
news-202102,2021-02,親苑時報 2021年2月號,2021-02-01,https://supr.link/ldmxJ,,65,,
news-202101,2021-01,親苑時報 2021年1月號,2021-01-01,https://supr.link/YVoCa,,66,,
news-202012,2020-12,親苑時報 2020年12月號,2020-12-01,https://drive.google.com/file/d/1PwosxhePHAQWWZjaWTc0WpLw_ypmMvAs/view,,67,,
news-202011,2020-11,親苑時報 2020年11月號,2020-11-01,https://drive.google.com/file/d/1hhFV2GSQqHeC9dlc68eGpK9IRcZdnau-/view,,68,,
news-202010,2020-10,親苑時報 2020年10月號,2020-10-01,https://drive.google.com/file/d/1oDQ32ogJy0rXyy9WHwTVscfYr6mJy2JM/view,,69,,
news-202009,2020-09,親苑時報 2020年9月號,2020-09-01,https://drive.google.com/file/d/1fjhaUF_97okvVTMrZTUv5ccAzk5bh-cT/view,,70,,
news-202008,2020-08,親苑時報 2020年8月號,2020-08-01,https://drive.google.com/file/d/1K6z03Talz9IGXysCvot-qc9n2bYOiN8i/view,,71,,
news-202007,2020-07,親苑時報 2020年7月號,2020-07-01,https://drive.google.com/file/d/1Z7mpKC-YwoORP5yd8vNMdvg1K_xlHlVH/view,,72,,
news-202006,2020-06,親苑時報 2020年6月號,2020-06-01,https://drive.google.com/file/d/1ls_NhA8sUEvM6VXd1btU3493wsIWMClz/view,,73,,
news-202005,2020-05,親苑時報 2020年5月號,2020-05-01,https://drive.google.com/file/d/1GtD972FFnet3-NhjPHgvxhCAH3t68G56/view,,74,,
news-202004,2020-04,親苑時報 2020年4月號,2020-04-01,https://drive.google.com/file/d/1Txge5NoO2-YXhywRw5NTrZLJipt3fYlt/view,,75,,
news-202003,2020-03,親苑時報 2020年3月號,2020-03-01,https://drive.google.com/file/d/1gupi-vZpzwYf_qGcPFt3gVf5vqiHhU2K/view,,76,,
news-202002,2020-02,親苑時報 2020年2月號,2020-02-01,https://drive.google.com/file/d/1Gm8h9wPaAyASyOHS8QyG-WnBGn5ayEO2/view,,77,,
news-202001,2020-01,親苑時報 2020年1月號,2020-01-01,https://drive.google.com/file/d/1fBEPSLmi6VEPav5Tbcp0PEmuvJ_El4V2/view,,78,,
news-201912,2019-12,親苑時報 2019年12月號,2019-12-01,https://drive.google.com/file/d/1juMwvf9m3TAGfcTbZAsU2L_nOLFcuqAa/view,,79,,
news-201911,2019-11,親苑時報 2019年11月號,2019-11-01,https://drive.google.com/file/d/1hIDirFiSTNLW4W0yfcNAyCJyv5BZMroy/view,,80,,
news-201910,2019-10,親苑時報 2019年10月號,2019-10-01,https://drive.google.com/file/d/1_u7lwWyet8szIeLQx6S6qCtOcdgP0pON/view,,81,,
news-201909,2019-09,親苑時報 2019年9月號,2019-09-01,https://drive.google.com/file/d/1Q3-uoFapD3ZMzplVJTzUp19j485xjhYk/view,,82,,
news-201908,2019-08,親苑時報 2019年8月號,2019-08-01,https://drive.google.com/file/d/1zbBtSRYF2lVC2RX-97GBYDdhP7_7cqmh/view,,83,,
news-201907,2019-07,親苑時報 2019年7月號,2019-07-01,https://drive.google.com/file/d/1jm8kCXyLDxVslGFWGSodRAAMFMqj3fAC/view,,84,,
news-201906,2019-06,親苑時報 2019年6月號,2019-06-01,https://drive.google.com/file/d/1QNzjBpJNKNhulLbGUwL64ML2qK9oaJk2/view,,85,,
news-201905,2019-05,親苑時報 2019年5月號,2019-05-01,https://drive.google.com/file/d/1eZw-lSmFMXp6hrcp-wA7wK4kC1F_O7qr/view,,86,,
news-201904,2019-04,親苑時報 2019年4月號,2019-04-01,https://drive.google.com/file/d/1qXNAfSbexsgMCmGj9elU2hcGenOTLyWp/view,,87,,
news-201903,2019-03,親苑時報 2019年3月號,2019-03-01,https://drive.google.com/file/d/1Lxe0OZicGASkezmAF2rH7QCKfAnOcVrc/view,,88,,
news-201902,2019-02,親苑時報 2019年2月號,2019-02-01,https://drive.google.com/file/d/1Z9dpRJpw-dslL3Oyfk8ESwLWTUyz7z7H/view,,89,,
news-201901,2019-01,親苑時報 2019年1月號,2019-01-01,https://drive.google.com/file/d/1H9ikMMVuNVNDel_MKf1h7goJpj6lZ58U/view,,90,,
news-201812,2018-12,親苑時報 2018年12月號,2018-12-01,https://drive.google.com/file/d/1bledk68aRNuFb7jqo2x2SuDcTjurxKv4/view,,91,,
news-201811,2018-11,親苑時報 2018年11月號,2018-11-01,https://drive.google.com/file/d/1_e6AGPhGJWLVx744uwc1_awbASbtQ62w/view,,92,,
news-201810,2018-10,親苑時報 2018年10月號,2018-10-01,https://drive.google.com/file/d/1SOAjtW36Tkp_mLzRkc0MeDdwILJ85STg/view,,93,,
news-201809,2018-09,親苑時報 2018年9月號,2018-09-01,https://drive.google.com/file/d/1bwA3d-sUagbDbNUXLMqYwVgOaykw7-ij/view,,94,,
news-201808,2018-08,親苑時報 2018年8月號,2018-08-01,https://drive.google.com/file/d/1dQGymGysWqVOgoSkuKm-nJNtK1t96Pmr/view,,95,,
news-201807,2018-07,親苑時報 2018年7月號,2018-07-01,https://drive.google.com/file/d/1aTBLvGcs1BZFr_-07figMkPwbJH5r10b/view,,96,,
news-201806,2018-06,親苑時報 2018年6月號,2018-06-01,https://drive.google.com/file/d/1uAaNP4Mc8_9lJaOpfpNg3x5OJNgmFEsA/view,,97,,
news-201805,2018-05,親苑時報 2018年5月號,2018-05-01,https://drive.google.com/file/d/1N3fYohep7J2zbhPXvwJkiqjQeif7pF0j/view,,98,,
news-201804,2018-04,親苑時報 2018年4月號,2018-04-01,https://drive.google.com/file/d/1exCUSyw9584V_H2oHIql-p2rVio5g8f3/view,,99,,
news-201803,2018-03,親苑時報 2018年3月號,2018-03-01,https://drive.google.com/file/d/1PmOv4Un5oiyigJBQMUR5h5dEE2hgN8os/view,,100,,
news-201802,2018-02,親苑時報 2018年2月號,2018-02-01,https://drive.google.com/file/d/1piRQpw8eO8JfOD9V1xU9-I3hciDaKlUj/view,,101,,
news-201801,2018-01,親苑時報 2018年1月號,2018-01-01,https://drive.google.com/file/d/1_FRVM6u8z8QkQExkKEWmvs7KIb_lbcWl/view,,102,,
news-201712,2017-12,親苑時報 2017年12月號,2017-12-01,https://drive.google.com/file/d/1Wa4CSJA6428yKwx04F0OIcFykLTGZTjN/view,,103,,
news-201711,2017-11,親苑時報 2017年11月號,2017-11-01,https://drive.google.com/file/d/1KPexRtCh5ruA0vnqwc10XzoY2_zBSYk8/view,,104,,
news-201710,2017-10,親苑時報 2017年10月號,2017-10-01,https://drive.google.com/file/d/1_bMrX5P544vlqUygSpYYevFUDCt9dK68/view,,105,,
news-201709,2017-09,親苑時報 2017年9月號,2017-09-01,https://drive.google.com/file/d/1dL13kuqGILh6md-YhLTMigl3qcVhRlHl/view,,106,,
news-201708,2017-08,親苑時報 2017年8月號,2017-08-01,https://drive.google.com/file/d/1fV-_VXBy5Q1nuEjYvUuUzost5ZBlvbpR/view,,107,,
news-201707,2017-07,親苑時報 2017年7月號,2017-07-01,https://drive.google.com/file/d/1ITk5Yg4oWk_ZOFkX0sBnYJlm7LfsfAdc/view,,108,,
news-201706,2017-06,親苑時報 2017年6月號,2017-06-01,https://drive.google.com/file/d/1uYv6ppOssaBEo3eP50uVMxP9O5GOrtxW/view,,109,,
news-201705,2017-05,親苑時報 2017年5月號,2017-05-01,https://drive.google.com/file/d/1c0CD2rEfzYtQMNcq-b5SgRVLCPuTLz8p/view,,110,,
news-201704,2017-04,親苑時報 2017年4月號,2017-04-01,https://drive.google.com/file/d/1VBqoDFzTYjyFXmhe2t3Uc2Q4Gx0NdCMm/view,,111,,
news-201703,2017-03,親苑時報 2017年3月號,2017-03-01,https://drive.google.com/file/d/1J2Z90JLvtiUvxrv-UEMtPtGKuPveD1PF/view,,112,,
news-201702,2017-02,親苑時報 2017年2月號,2017-02-01,https://drive.google.com/file/d/1TbtKCjMoCy2zog0cnpi0syO6br9YH4l_/view,,113,,
news-201701,2017-01,親苑時報 2017年1月號,2017-01-01,https://drive.google.com/file/d/1TMh7ILv-aeoFiB1CazexsMliB3CkQY4y/view,,114,,
